Code,Klassifikator,Klassifikator_ru,Klassifikator_en,2013,2014,2015,2016,2017,2018,2019,2020,2021,2022,2023
1700,O'zbekiston Respublikasi,Республика Узбекистан,Republic of Uzbekistan,1191082.0,1212828.0,1246148.0,1310351.0,1372395.0,1449404.0,1524493.0,1613779.0,1698530.0,1805118.0,1927090.0
1735,Qoraqalpog'iston Respublikasi,Республика Каракалпакстан,The Republic of Karakalpakstan,57916.0,59184.0,60700.0,63996.0,66974.0,70352.0,73726.0,77821.0,81286.0,86579.0,91931.0
1735401,Nukus shahri,Город Нукус,Nukus city,10570.0,11154.0,11699.0,12478.0,13179.0,13872.0,14506.0,15135.0,15910.0,17048.0,17695.0
1735411,Taxiatosh sh.,Тахиаташский город,Taxiatosh city,1488.0,0.0,0.0,0.0,0.0,0.0,0.0,0.0,0.0,0.0,0.0
1735204,Amudaryo tumani,Амударьинский район,Amudarya district,5892.0,5886.0,6043.0,6579.0,7050.0,7426.0,7878.0,8296.0,8473.0,9233.0,9965.0
1735207,Beruniy tumani,Берунийский район,Beruniy  district,5256.0,5182.0,5192.0,5336.0,1732.0,5663.0,5905.0,6115.0,6343.0,6737.0,7218.0
1735209,Bo‘zatov tumani,Бозатовский район,Bo‘zatov district,0.0,0.0,0.0,0.0,0.0,0.0,0.0,675.0,726.0,783.0,840.0
1735211,Qorao‘zak tumani,Караузякский район,Qorao‘zak district,1495.0,1559.0,1521.0,1623.0,2748.0,1840.0,2062.0,2165.0,2295.0,2423.0,2720.0
1735212,Kegeyli tumani,Кегейлийский район,Kegeyli district,2650.0,2677.0,2722.0,2723.0,5177.0,2791.0,2928.0,2539.0,2667.0,2851.0,3162.0
1735215,Qo‘ng‘irot tumani,Кунградский район,Qo‘ng‘irot district,4197.0,4360.0,4572.0,4891.0,1638.0,5642.0,5855.0,6164.0,6519.0,6863.0,7283.0
1735218,Qanliko'l tumani,Канлыкульский район,Qanliko'l district,1501.0,1535.0,1542.0,1607.0,1190.0,1653.0,1767.0,1886.0,1985.0,2076.0,2293.0
1735222,Mo‘ynoq tumani,Муйнакский район,Mo‘ynoq  district,1019.0,1068.0,1094.0,1138.0,5529.0,1327.0,1396.0,1440.0,1605.0,1730.0,1869.0
1735225,Nukus tumani,Нукусский район,Nukus district,1560.0,1565.0,1615.0,1668.0,1790.0,1921.0,2012.0,2191.0,2270.0,2326.0,2468.0
1735228,Taxiatosh tumani,Тахиаташский район,Taxiatosh district,0.0,0.0,0.0,0.0,0.0,2586.0,2720.0,2833.0,3077.0,3222.0,3451.0
1735230,Taxtako‘pir tumani,Тахтакупырский район,Taxtako‘pir district,1259.0,1242.0,1260.0,1240.0,1250.0,1213.0,1270.0,1354.0,1433.0,1583.0,1598.0
1735233,To'rtko'l tumani,Турткульский район,To'rtko'l district,6468.0,6683.0,6914.0,7319.0,7483.0,7828.0,8045.0,8324.0,8838.0,9513.0,9880.0
1735236,Xo‘jayli tumani,Ходжейлийский район,Xo‘jayli district,4683.0,6106.0,6080.0,6352.0,6783.0,4582.0,4779.0,5364.0,5438.0,5893.0,6269.0
1735240,Chimboy tumani,Чимбайский район,Chimboy district,3623.0,3733.0,3822.0,3932.0,3990.0,4101.0,4272.0,4402.0,4518.0,4605.0,4813.0
1735243,Shumanay tumani,Шуманайский район,Shumanay district,1878.0,1991.0,2067.0,2208.0,2275.0,2399.0,2501.0,2636.0,2652.0,2739.0,2928.0
1735250,Ellikqala tumani,Элликкалинский район,Ellikqala district,4377.492582897034,4443.0,4557.0,4902.0,5160.0,5508.0,5830.0,6302.0,6537.0,6954.0,7479.0
1703,Andijon viloyati,Андижанская область,Andijan region,105892.0,106523.0,108488.0,114662.0,120398.0,127540.0,134093.0,141759.0,149595.0,159648.0,170634.0
1703401,Andijon shahar,Город Андижан,Andijon city,16437.0,16929.0,17617.0,18339.0,19398.0,20694.0,21823.0,22810.0,24070.0,25413.0,26444.0
1703408,Xonobod shahar,Город Ханабад,Xonobod  city,1721.0,1820.0,1942.0,2037.0,2119.0,2192.0,2317.0,2520.0,2738.0,2970.0,3218.0
1703202,Oltinko'l tumani,Алтынкульский район,Oltinko'l  district,5686.0,5785.0,5792.0,6124.0,6333.0,6850.0,7210.0,7470.0,7660.0,8291.0,9005.0
1703203,Andijon tumani,Андижанский район,Andijon district,9201.0,8909.0,8884.0,9956.0,10358.0,11110.0,11560.0,12288.0,13025.0,13810.0,14596.0
1703206,Baliqchi tumani,Балыкчинский район,Baliqchi district,6260.0,6482.0,6565.0,6855.0,7152.0,7494.0,7948.0,8476.0,8890.0,9432.0,10166.0
1703209,Bo'ston tumani,Бустанский район,Bo'ston district,2312.0,2301.0,2319.0,2359.0,2464.0,2504.0,2562.0,2767.0,2852.0,2921.0,3112.0
1703210,Buloqboshi tumani,Булакбашинский район,Buloqboshi district,4814.0,4873.0,4926.0,5246.0,5568.0,5855.0,6217.0,6664.0,6969.0,7472.0,8459.0
1703211,Jalаquduq tumani,Джалакудукский район,Jalаquduq district,6413.0,6566.0,6764.0,7098.0,7386.0,7852.0,8338.0,8995.0,9488.0,10107.0,10631.0
1703214,Izboskan tumani,Избасканский район,Izboskan district,7598.0,7510.0,7679.0,7946.0,8448.0,8755.0,9097.0,9592.0,10297.0,11110.0,11958.0
1703217,Ulug'nor tumani,Улугнорский район,Ulug'nor district,2025.0,2099.0,2151.0,2213.0,2373.0,2453.0,2665.0,2776.0,2943.0,3058.0,3239.0
1703220,Qo'rg'ontepa tumani,Кургантепинский район,Qo'rg'ontepa district,7192.0,7142.0,7276.0,7761.0,8235.0,8597.0,9026.0,9734.0,10440.0,11366.0,12383.0
1703224,Asaka tumani,Асакинский район,Asaka district,11185.0,11202.0,11374.0,12308.0,12972.0,13928.0,14808.0,15554.0,16142.0,17403.0,18741.0
1703227,Marxamat tumani,Мархаматский район,Marxamat district,5813.0,5830.0,5997.0,6257.0,6491.0,6957.0,7232.0,7716.0,8019.0,8371.0,9001.0
1703230,Shaxrixon tumani,Шахриханский район,Shaxrixon district,9512.0,9368.0,9363.0,9900.0,10210.0,10773.0,11087.0,11397.0,11842.0,12703.0,13516.0
1703232,Paxtaobod tumani,Пахтаабадский район,Paxtaobod district,5908.0,5828.0,5913.0,6168.0,6630.0,7081.0,7554.0,8095.0,9037.0,9864.0,10558.0
1703236,Xo'jaobod tumani,Ходжаабадский район,Xo'jaobod district,3815.0,3879.0,3926.0,4095.0,4261.0,4445.0,4649.0,4905.0,5183.0,5357.0,5607.0
1706,Buxoro viloyati,Бухарская область,Bukhara region,70414.0,71639.0,73931.0,77645.0,82112.0,87605.0,92877.0,98657.0,104097.0,110555.0,118085.0
1706401,Buxoro shahar,Город Бухара,Buxoro city,11274.0,11589.0,12267.0,13002.0,13984.0,14857.0,15954.0,17160.0,18006.0,19080.0,20428.0
1706403,Kogon shahar,Город Каган,Kogon city,2692.0,2788.0,2954.0,3134.0,3387.0,3629.0,3908.0,4216.0,4448.0,4801.0,5173.0
1706204,Olot tumani,Aлатский район,Olot  district,3702.0,3688.0,3821.0,4072.0,4257.0,4340.0,4538.0,4816.0,5074.0,5360.0,5660.0
1706207,Buxoro tumani,Бухарский район,Buxoro district,5646.0,5646.0,5756.0,5895.0,6463.0,6915.0,7378.0,7812.0,8490.0,9074.0,10015.0
1706212,Vobkent tumani,Вабкентский район,Vobkent district,4776.0,4850.0,4936.0,5108.0,5266.0,5617.0,5889.0,6134.0,6579.0,7087.0,7595.0
1706215,G'ijduvon tumani,Гиждуванский район,G'ijduvon district,11202.0,11359.0,11302.0,11888.0,12191.0,13237.0,13872.0,14364.0,15047.0,15758.0,16239.0
1706219,Kogon tumani,Каганский район,Kogon district,2689.0,2785.0,2933.0,3017.0,3281.0,3576.0,3850.0,4089.0,4224.0,4598.0,5176.0
1706230,Qorako'l tumani,Каракульский район,Qorako'l district,5891.0,5912.0,6013.0,6133.0,6323.0,6532.0,6758.0,7243.0,7518.0,7693.0,8302.0
1706232,Qorovulbozor tumani,Караулбазарский район,Qorovulbozor district,653.0,687.0,733.0,797.0,827.0,950.0,1017.0,1055.0,1110.0,1206.0,1328.0
1706240,Peshku tumani,Пешкунский  район,Peshku district,4416.0,4404.0,4533.0,4779.0,5003.0,5391.0,5628.0,5924.0,6233.0,6582.0,7067.0
1706242,Romitan tumani,Ромитанский район,Romitan district,4815.0,4990.0,5033.0,5280.0,5540.0,5902.0,6267.0,6639.0,6816.0,7138.0,7659.0
1706246,Jondor tumani,Жондорский район,Jondor  district,6215.0,6242.0,6603.0,6943.0,7379.0,7724.0,8187.0,8777.0,9520.0,10392.0,10922.0
1706258,Shofirkon tumani,Шафирканский район,Shofirkon district,6443.0,6699.0,7047.0,7597.0,8211.0,8935.0,9631.0,10428.0,11032.0,11786.0,12521.0
1708,Jizzax viloyati,Джизакская область,Jizzakh region,44255.0,45146.0,46638.0,49556.0,52063.0,55561.0,59032.0,63196.0,67027.0,71880.0,76745.0
1708401,Jizzax shahar,Город Джизак,Jizzakh city,5965.0,6251.0,6564.0,7237.0,7712.0,8131.0,8932.0,9669.0,10383.0,11405.0,12351.0
1708201,Arnasoy tuman,Арнасайский район,Arnasoy district,1530.0,1537.0,1539.0,1786.0,1891.0,2050.0,2158.0,2213.0,2373.0,2518.0,2721.0
1708204,Baxmal tumani,Бахмальский район,Baxmal district,4635.0,4708.0,4775.0,4971.0,5045.0,5573.0,5757.0,6086.0,6605.0,7230.0,7703.0
1708209,G'allaorol tumani,Галляаральский район,G'allaorol district,5942.0,6127.0,6279.0,6684.0,7029.0,7582.0,8017.0,8551.0,8983.0,9422.0,10023.0
1708212,Sharof Rashidov tumani,Шараф-Рашидовский  район,Sharof Rashidov  district,6616.0,6702.0,6995.0,7245.0,7572.0,7868.0,8184.0,8581.0,8980.0,9492.0,10064.0
1708215,Do'stlik tumani,Дустликский район,Do'stlik district,2125.0,2117.0,2169.0,2236.0,2418.0,2623.0,2729.0,2962.0,3073.0,3283.0,3448.0
1708218,Zomin tumani,Зааминский район,Zomin district,5422.0,5474.0,5646.0,5991.0,6388.0,6141.0,6541.0,6837.0,7243.0,7849.0,8176.0
1708220,Zarbdor tumani,Зарбдарский район,Zarbdor district,2144.0,2204.0,2329.0,2537.0,2767.0,3476.0,3795.0,4195.0,4538.0,4835.0,4966.0
1708223,Mirzacho'l tumani,Мирзачульский район,Mirzacho'l district,1630.0,1659.0,1710.0,1827.0,1877.0,1935.0,2126.0,2272.0,2468.0,2667.0,2821.0
1708225,Zafarobod tumani,Зафарабадский район,Zafarobod district,1698.0,1789.0,1895.0,2039.0,2133.0,2381.0,2636.0,2933.0,3127.0,3363.0,3615.0
1708228,Paxtakor tumani,Пахтакорский район,Paxtakor district,2597.0,2589.0,2736.0,2912.0,3069.0,3360.0,3639.0,3812.0,3950.0,4196.0,4630.0
1708235,Forish tumani,Фаришский район,Forish district,2937.0,2982.0,2988.0,3102.0,3152.0,3370.0,3430.0,3846.0,4037.0,4278.0,4847.0
1708237,Yangiobod tumani,Янгиабадский район,Yangiobod district,1014.0,1007.0,1013.0,989.0,1010.0,1071.0,1088.0,1239.0,1267.0,1342.0,1380.0
1710,Qashqadaryo viloyati,Кашкадарьинская область,Kashkadarya region,93454.0,95445.0,97276.0,102472.0,107144.0,113234.0,119622.0,127606.0,135678.0,145112.0,154020.0
1710401,Qarshi  shahar,Город Карши,Qarshi  city,9836.0,10599.0,11314.0,12428.0,12869.0,13685.0,14431.0,15375.0,16150.0,17181.0,17939.0
1710405,Shahrisabz shahar,Город Шахрисабз,Shakhrisabz city,0.0,0.0,0.0,0.0,0.0,4648.0,5068.0,5409.0,5771.0,6117.0,6578.0
1710240,Ko'kdala,Кукдала,Ko'kdala,0.0,0.0,0.0,0.0,0.0,0.0,0.0,0.0,0.0,0.0,7653.0
1710207,G'uzor tumani,Гузарский район,G'uzor district,5617.0,5717.0,5795.0,6024.0,6354.0,6800.0,7344.0,7628.0,8184.0,8714.0,9168.0
1710212,Dehqonobod tuman,Дехканабадский район,Dehqonobod  district,3641.0,3606.0,3635.0,3759.0,4037.0,4402.0,4680.0,5127.0,5385.0,5874.0,6399.0
1710220,Qamashi tuman,Камашинский район,Qamashi district,7303.0,7539.0,7565.0,7785.0,8081.0,8275.0,8575.0,8996.0,9615.0,10248.0,11026.0
1710224,Qarshi tuman,Каршинский район,Qarshi district,7363.0,7511.0,7850.0,8433.0,9070.0,9771.0,10398.0,11223.0,11899.0,12566.0,13196.0
1710229,Koson tuman,Касанский район,Koson district,7887.0,7824.0,7833.0,8235.0,8478.0,8958.0,9284.0,9911.0,10446.0,10948.0,11632.0
1710232,Kitob tuman,Китабский район,Kitob district,7414.0,7572.0,7678.0,8166.0,8478.0,9047.0,9658.0,10401.0,11290.0,12224.0,12973.0
1710233,Mirishkor tuman,Миришкорский район,Mirishkor district,3398.0,3492.0,3439.0,3719.0,3799.0,4013.0,4296.0,4597.0,4813.0,5144.0,5637.0
1710234,Muborak tumani,Мубарекский район,Muborak district,2288.0,2292.0,2383.0,2472.0,2553.0,2638.0,2773.0,3004.0,3078.0,3333.0,3489.0
1710235,Nishon tumani,Нишанский  район,Nishon district,4073.0,4187.0,4278.0,4472.0,4672.0,4988.0,5306.0,5763.0,6199.0,6660.0,7104.0
1710237,Kasbi tumani,Касбийский  район,Kasbi district,5455.0,5486.0,5547.0,5766.0,6055.0,6423.0,6730.0,7184.0,7740.0,8278.0,8680.0
1710242,Chiroqchi tumani,Чиракчинский район,Chiroqchi  district,11347.0,11572.0,11946.0,12448.0,13126.0,13885.0,14603.0,15467.0,16831.0,18272.0,11805.0
1710245,Shahrisabz tumani,Шахрисабзский район,Shahrisabz district,10500.0,10530.0,10480.0,10955.0,11513.0,7284.0,7625.0,8069.0,8190.0,8750.0,9301.0
1710250,Yakkabog' tumani,Яккабагский район,Yakkabog' district,7332.0,7518.0,7533.0,7810.0,8059.0,8417.0,8851.0,9452.0,10087.0,10803.0,11440.0
1712,Navoiy viloyati,Навоийская область,Navoi region,33467.0,34165.0,35049.0,36828.0,38681.0,41204.0,43995.0,46715.0,49407.0,52642.0,57008.0
1712401,Navoiy shahar,Город Навои,Navoiy city,4869.0,4989.0,5046.0,5285.0,5487.0,5584.0,5808.0,6311.0,6661.0,6878.0,7587.0
1712408,Zarafshon shahar,Город Зарафшан,Zarafshon city,3067.0,3102.0,3146.0,3307.0,3424.0,3511.0,3609.0,3796.0,4010.0,4151.0,4318.0
1712412,G'ozg'on shahar,Город Газган,G'ozg'on city,0.0,0.0,0.0,0.0,0.0,0.0,0.0,416.0,500.0,524.0,595.0
1712211,Konimex tumani,Канимехский  район,Konimex  district,1212.0,1229.0,1287.0,1348.0,1401.0,1432.0,1863.0,1918.0,1951.0,2059.0,2176.0
1712216,Qiziltepa tumani,Кызылтепинский район,Qiziltepa district,4868.0,4925.0,5012.0,5205.0,5408.0,5841.0,6156.0,6629.0,7132.0,7682.0,8529.0
1712230,Navbahor shahar,Город Навбахор,Navbahor city,3640.0,3723.0,3868.0,4014.0,4121.0,4512.0,4739.0,5052.0,5268.0,5690.0,6128.0
1712234,Karmana tumani,Карманинский район,Karmana district,4036.0,4094.0,4216.0,4488.0,4792.0,5139.0,5576.0,5721.0,6105.0,6519.0,6977.0
1712238,Nurota tumani,Нуратинский район,Nurota district,3400.0,3504.0,3678.0,3975.0,4297.0,4527.0,4811.0,4560.0,4503.0,4848.0,5207.0
1712244,Tomdi tumani,Тамдынский район,Tomdi district,680.0,672.0,710.0,757.0,862.0,911.0,969.0,1058.0,1103.0,1155.0,1241.0
1712248,Uchquduq tumani,Учкудукский район,Uchquduq district,1371.0,1462.0,1544.0,1577.0,1660.0,1846.0,1912.0,2122.0,2240.0,2387.0,2548.0
1712251,Xatirchi tumani,Хатырчинский район,Xatirchi district,6324.0,6465.0,6542.0,6872.0,7229.0,7901.0,8552.0,9132.0,9934.0,10749.0,11702.0
1714,Namangan viloyati,Наманганская область,Namangan region,89271.0,90304.0,92332.0,96650.0,101500.0,106966.0,112284.0,118150.0,124642.0,134223.0,143871.0
1714401,Namangan shahar,Город Наманган,Namangan city,17792.0,17995.0,18389.0,19077.0,23099.0,24244.0,25455.0,26823.0,28620.0,30671.0,32739.0
1714204,Mingbuloq tumani,Мингбулакский район,Mingbuloq  district,3936.0,3964.0,4003.0,4182.0,4303.0,4597.0,4753.0,5031.0,5212.0,5515.0,5800.0
1714207,Kosonsoy tumani,Касансайский район,Kosonsoy district,6034.0,6036.0,6057.0,6294.0,6472.0,6822.0,7169.0,7583.0,8063.0,8805.0,9525.0
1714212,Namangan tumani,Наманганский район,Namangan district,7291.0,7316.0,7418.0,7785.0,6261.0,6480.0,6795.0,6936.0,7281.0,7910.0,8526.0
1714216,Norin tumani,Нарынский район,Norin district,5217.0,5361.0,5525.0,6019.0,6434.0,6846.0,7174.0,7508.0,8030.0,8780.0,9441.0
1714219,Pop tumani,Папский район,Pop district,6799.0,6841.0,6991.0,7204.0,7538.0,7873.0,8201.0,8591.0,9203.0,9804.0,10558.0
1714224,To'raqo'rg'on tumani,Туракурганский район,To'raqo'rg'on district,7037.0,7208.0,7377.0,7769.0,8232.0,8685.0,9345.0,9946.0,10349.0,11386.0,12487.0
1714229,Uychi tumani,Уйчинский район,Uychi district,7270.0,7432.0,7697.0,7910.0,7456.0,7635.0,7847.0,8130.0,8697.0,9330.0,9641.0
1714234,Uchqo'rg'on tumani,Учкурганский район,Uchqo'rg'on district,5583.0,5585.0,5733.0,6020.0,6234.0,6930.0,7331.0,7645.0,7984.0,8662.0,9399.0
1714236,Chortoq tumani,Чартакский район,Chortoq  district,6474.0,6516.0,6573.0,6952.0,7239.0,7619.0,8079.0,8642.0,8905.0,9442.0,10238.0
1714237,Chust tumani,Чустский район,Chust district,8953.0,9169.0,9555.0,10191.0,10934.0,11664.0,12232.0,13185.0,13888.0,14873.0,15793.0
1714242,Yangiqo'rg'on tumani,Янгикурганский район,Yangiqo'rg'on district,6885.0,6881.0,7014.0,7247.0,7298.0,7571.0,7903.0,8130.0,8410.0,9045.0,9724.0
1718,Samarqand viloyati,Самаркандская область,Samarkand region,120209.0,123154.0,127395.0,134381.0,140740.0,149229.0,157720.0,168217.0,178678.0,192252.0,206244.0
1718401,Samarqand shahar,Город Самарканд,Samarqand city,19447.0,20107.0,20768.0,22387.0,23607.0,25260.0,26959.0,28588.0,30361.0,32169.0,34256.0
1718406,Kattaqo'rg'on shahar,Город  Каттакурган,Kattaqo'rg'on city,2910.0,3017.0,3066.0,3321.0,3378.0,3617.0,3775.0,4012.0,4217.0,4426.0,4823.0
1718203,Oqdaryo tumani,Акдарьинский район,Oqdaryo district,4774.0,4899.0,5138.0,5300.0,5538.0,5849.0,6134.0,6413.0,6765.0,7132.0,7667.0
1718206,Bulung'ur tumani,Булунгурский район,Bulung'ur district,5331.0,5544.0,5728.0,5989.0,6279.0,6480.0,6641.0,6883.0,7163.0,7620.0,8061.0
1718209,Jomboy tumani,Джомбойский район,Jomboy district,4927.0,5047.0,5259.0,5512.0,5788.0,6020.0,6405.0,7025.0,7592.0,8312.0,8933.0
1718212,Ishtixon tumani,Иштыханский район,Ishtixon district,7776.0,7866.0,8294.0,8649.0,9218.0,9625.0,10065.0,10875.0,11756.0,12428.0,13381.0
1718215,Kattaqo'rg'on tumani,Каттакурганский район,Kattaqo'rg'on district,8062.0,8238.0,8553.0,8848.0,9336.0,9741.0,10116.0,10861.0,11589.0,12398.0,13342.0
1718216,Qo'shrabot tumani,Кошрабадский район,Qo'shrabot district,3927.0,3973.0,3945.0,4133.0,4194.0,4373.0,4589.0,4757.0,5037.0,5524.0,5846.0
1718218,Narpay tumani,Нарпайский район,Narpay district,7030.0,7191.0,7446.0,7930.0,8257.0,8727.0,9140.0,9689.0,10377.0,11306.0,11911.0
1718224,Payariq tumani,Пайарыкский район,Payariq district,7437.0,7578.0,7789.0,8098.0,8460.0,8768.0,9278.0,9737.0,10328.0,11036.0,11815.0
1718227,Pastdarg'om tumani,Пастдаргомский район,Pastdarg'om district,11072.0,11602.0,12048.0,12906.0,13446.0,14365.0,15309.0,16440.0,17318.0,18947.0,20339.0
1718230,Paxtachi tumani,Пахтачийский район,Paxtachi  district,4728.0,4816.0,4920.0,5142.0,5500.0,6122.0,6711.0,7304.0,7740.0,8339.0,8826.0
1718233,Samarqand tumani,Самаркандский район,Samarqand district,7613.0,7884.0,8156.0,8714.0,9023.0,9717.0,10139.0,10861.0,11832.0,13076.0,14414.0
1718235,Nurobod tumani,Нурабадский район,Nurobod  district,4814.0,5012.0,5171.0,5457.0,5770.0,6132.0,6711.0,7217.0,7693.0,8280.0,9189.0
1718236,Urgut tumani,Ургутский район,Urgut district,14619.0,14614.0,15287.0,15816.0,16260.0,17199.0,18033.0,19160.0,19987.0,21192.0,22293.0
1718238,Tayloq tumani,Тайлакский район,Tayloq  district,5742.0,5766.0,5827.0,6179.0,6686.0,7234.0,7715.0,8395.0,8923.0,10067.0,11148.0
1722,Surxondaryo viloyati,Сурхандарьинская область,Surkhandarya region,74363.0,75158.0,76584.0,80190.0,83429.0,87550.0,91679.0,97075.0,101930.0,108833.0,115600.0
1722401,Termiz shahar,Город Термез,Termiz  city,4661.0,4727.0,4915.0,5217.0,5362.0,5780.0,6194.0,7776.0,8262.0,8775.0,9481.0
1722201,Oltinsoy tumani,Алтынсайский район,Oltinsoy district,5025.0,5018.0,5121.0,5273.0,5504.0,5703.0,5809.0,5982.0,6231.0,6676.0,7191.0
1722202,Angor tumani,Ангорский район,Angor district,3637.0,3672.0,3634.0,3896.0,4111.0,4180.0,4284.0,4368.0,4588.0,4801.0,4944.0
1722203,Bandixon tumani,Бандыханский район,Bandixon district,0.0,0.0,0.0,0.0,0.0,0.0,0.0,2753.0,2896.0,3032.0,3177.0
1722204,Boysun tumani,Байсунский район,Boysun district,3398.0,3475.0,3449.0,3625.0,3732.0,3919.0,4141.0,4176.0,4316.0,4492.0,4686.0
1722207,Muzrabot tumani,Музрабадский район,Muzrabot district,4151.0,4336.0,4546.0,4757.0,5008.0,5356.0,5716.0,5997.0,6258.0,6606.0,7037.0
1722210,Denov tumani,Денауский район,Denov district,10921.0,11031.0,11161.0,11776.0,12201.0,12973.0,12984.0,13964.0,14799.0,15846.0,16940.0
1722212,Jarqo'rg'on tumani,Джаркурганский район,Jarqo'rg'on district,5834.0,5861.0,5889.0,6096.0,6483.0,6717.0,7093.0,7540.0,7874.0,8399.0,8947.0
1722214,Qumqo'rg'on tumani,Кумкурганский район,Qumqo'rg'on district,6603.0,6696.0,6817.0,7261.0,7692.0,8019.0,8955.0,9200.0,9654.0,10273.0,11121.0
1722215,Qiziriq tumani,Кизирикский район,Qiziriq district,4898.0,4941.0,5028.0,5364.0,5629.0,5942.0,6375.0,4459.0,4622.0,4955.0,5259.0
1722217,Sariosiyo tumani,Сариасийский  район,Sariosiyo district,5548.0,5647.0,5790.0,5943.0,6252.0,6475.0,6876.0,7347.0,7938.0,8470.0,9219.0
1722220,Termiz tumani,Термезский район,Termiz district,3041.0,2989.0,3187.0,3324.0,3408.0,3514.0,3635.0,2835.0,2894.0,3263.0,3351.0
1722221,Uzun tumani,Узунский район,Uzun district,5039.0,5097.0,5142.0,5314.0,5352.0,5520.0,5592.0,5778.0,6035.0,6479.0,6769.0
1722223,Sherobod tumani,Шерабадский район,Sherobod district,5820.0,5865.0,5956.0,6282.0,6507.0,6923.0,7188.0,7538.0,7775.0,8292.0,8590.0
1722226,Sho'rchi tumani,Шурчинский район,Sho'rchi district,5787.0,5803.0,5949.0,6062.0,6188.0,6529.0,6837.0,7362.0,7788.0,8474.0,8888.0
1724,Sirdaryo viloyati,Сырдарьинская область,Syrdarya region,19823.0,20500.0,21331.0,22795.0,23872.0,25401.0,27164.0,29216.0,31397.0,34024.0,36810.0
1724401,Guliston shahar,Город Гулистан,Guliston city,2380.0,2662.0,2768.0,2945.0,3113.0,3285.0,3421.0,3748.0,3957.0,4229.0,4656.0
1724410,Shirin shahar,Город Ширин,Shirin city,480.0,546.0,640.0,703.0,756.0,764.0,772.0,791.0,826.0,898.0,889.0
1724413,Yangiyer shahar,Город Янгиер,Yangiyer city,800.0,819.0,853.0,911.0,920.0,1031.0,1102.0,1221.0,1262.0,1376.0,1494.0
1724206,Oqoltin tumani,Акалтынский район,Oqoltin  district,1309.0,1334.0,1351.0,1364.0,1382.0,1396.0,1447.0,1486.0,1561.0,1786.0,1981.0
1724212,Boyovut tumani,Баяутский район,Boyovut district,2879.0,2902.0,2976.0,3079.0,3291.0,3489.0,3809.0,4006.0,4500.0,4967.0,5369.0
1724216,Sayxunobod tumani,Сайхунабадский район,Sayxunobod district,1784.0,1878.0,1905.0,2098.0,2145.0,2269.0,2498.0,2782.0,3058.0,3402.0,3652.0
1724220,Guliston tumani,Гулистанский район,Guliston district,1495.0,1505.0,1561.0,1745.0,1947.0,2070.0,2209.0,2376.0,2504.0,2826.0,3039.0
1724226,Sardoba tumani,Сардобинский район,Sardoba district,1552.0,1661.0,1741.0,1760.0,1839.0,1948.0,2018.0,2077.0,2109.0,2240.0,2429.0
1724228,Mirzaobod tumani,Мирзаабадский район,Mirzaobod district,1543.0,1559.0,1761.0,1867.0,1915.0,2045.0,2217.0,2379.0,2495.0,2760.0,3036.0
1724231,Sirdaryo tumani,Сырдарьинский район,Sirdaryo district,3165.0,3196.0,3234.0,3578.0,3753.0,4091.0,4480.0,4845.0,5381.0,5636.0,6246.0
1724235,Xovos tumani,Хавастский район,Xovos district,2436.0,2438.0,2541.0,2745.0,2811.0,3013.0,3191.0,3505.0,3744.0,3904.0,4019.0
1727,Toshkent viloyati,Ташкентская область,Tashkent region,124694.0,126920.0,130755.0,137110.0,143522.0,152145.0,160004.0,169904.0,178254.0,182323.0,194761.0
1727401,Nurafshon shahar,Город Нурафшан,Nurafshan city,0.0,0.0,0.0,0.0,0.0,2988.0,3174.0,3328.0,3636.0,3902.0,4147.0
1727404,Olmaliq shahar,Город Алмалык,Olmaliq city,5002.0,5027.0,4875.0,4826.0,4839.0,4986.0,5290.0,5251.0,5394.0,5469.0,5917.0
1727407,Angren shahar,Город Ангрен,Angren city,7434.0,7252.0,7129.0,7164.0,7204.0,7340.0,7455.0,7675.0,7715.0,7200.0,7355.0
1727413,Bekobod shahar,Город Бекабад,Bekobod  city,3651.0,3583.0,3590.0,3682.0,3857.0,4079.0,4087.0,4375.0,4594.0,4955.0,5248.0
1727419,Chirchiq shahar,Город Чирчик,Chirchik city,6876.0,7211.0,7535.0,7886.0,8330.0,8961.0,9772.0,10803.0,11603.0,12402.0,13528.0
1727415,Ohangaron shahar,Город Ахангаран,Ohangaron city,0.0,0.0,0.0,0.0,0.0,2216.0,2353.0,2439.0,2600.0,2771.0,3042.0
1727424,Yangiyo'l shahar,Город Янгиюль,Yangiyul city,0.0,0.0,0.0,0.0,0.0,3584.0,3704.0,3950.0,4210.0,5574.0,5903.0
1727206,Oqqoʻrgʻon tumani,Аккурганский район,Akkurgan district,4159.0,4035.0,4027.0,4052.0,4422.0,4594.0,4778.0,5053.0,5201.0,5430.0,5931.0
1727212,Ohangaron tumani,Ахангара́нский район,Ohangaron district,5561.0,5700.0,5843.0,5996.0,6253.0,4476.0,4590.0,4894.0,5102.0,5824.0,6201.0
1727220,Bekobod tumani,Бекабадский район,Bekabad district,6073.0,6093.0,6288.0,6689.0,7285.0,7753.0,8264.0,9010.0,9459.0,10149.0,10726.0
1727224,Boʻstonliq tumani,Бостанлыкский район,Bostanliq district,7533.0,7663.0,7934.0,8176.0,8304.0,8743.0,9151.0,9665.0,10113.0,10729.0,11636.0
1727228,Boʻka tumani,Букинский район,Bo'ka district,5156.0,5220.0,5358.0,5636.0,5734.0,6134.0,6417.0,6790.0,7094.0,7518.0,8351.0
1727233,Quyichirchiq tumani,Куйичирчикский район,Quyichirchiq district,4456.0,4423.0,4561.0,4744.0,4736.0,4884.0,4986.0,5082.0,5268.0,5455.0,5777.0
1727237,Zangiota tumani,Зангиатинский район,Zangiota district,17519.0,18383.0,19368.0,20617.0,21927.0,12646.0,13441.0,14081.0,14715.0,12930.0,13243.0
1727239,Yuqorichirchiq tumani,Юкоричирчикский район,Yuqori Chirchiq district,5803.0,5925.0,6017.0,6476.0,6982.0,7168.0,7492.0,7812.0,8399.0,8464.0,8900.0
1727248,Qibray tumani,Кибрайский район,Qibray district,9413.0,9714.0,10039.0,10508.0,11027.0,11930.0,12583.0,13379.0,14192.0,12765.0,13611.0
1727249,Parkent tumani,Паркентский район,Parkent district,6042.0,6159.0,6413.0,6786.0,7041.0,7544.0,7873.0,8418.0,8903.0,10007.0,10822.0
1727250,Piskent tumani,Пскентский район,Piskent district,4169.0,4160.0,4348.0,4347.0,4671.0,4961.0,5113.0,5512.0,5874.0,6345.0,6509.0
1727253,O‘rtachirchiq tumani,Уртачирчикский район,O'rta Chirchiq district,8339.0,8247.0,8557.0,9080.0,9620.0,7320.0,7594.0,8086.0,8191.0,7872.0,8536.0
1727256,Chinoz tumani,Чиназский район,Chinoz district,5780.0,5955.0,6105.0,6564.0,6844.0,7444.0,7770.0,8335.0,9038.0,9442.0,10133.0
1727259,Yangiyoʻl tumani,Янгиюльский район,Yangiyul district,11728.0,12170.0,12768.0,13881.0,14446.0,11646.0,12672.0,13807.0,14368.0,13582.0,14778.0
1727265,Toshkent tumani,Ташкентский район,Tashkent district,0.0,0.0,0.0,0.0,0.0,10748.0,11445.0,12159.0,12585.0,13538.0,14467.0
1730,Farg'ona viloyati,Ферганская область,Fergana region,141898.0,143482.0,146437.0,153493.0,160614.0,168730.0,176801.0,185732.0,195309.0,208146.0,221670.0
1730401,Farg'ona shahar,Город Фергана,Fergana city,11685.0,12082.0,12463.0,13035.0,13458.0,13911.0,14641.0,15357.0,16133.0,17044.0,18571.0
1730405,Qo'qon shahar,Город Коканд,Kokand city,10616.0,10743.0,11020.0,11592.0,12310.0,13011.0,13701.0,14513.0,15001.0,15702.0,18960.0
1730408,Quvasoy shahar,Город Кувасай,Quvasoy city,3690.0,3731.0,3864.0,3940.0,4210.0,4439.0,4644.0,4809.0,5062.0,5133.0,5583.0
1730412,Marg'ilon shahar,Город Маргилан,Margilan city,9526.0,9607.0,9727.0,10281.0,10596.0,11020.0,11328.0,11812.0,12412.0,13296.0,14204.0
1730203,Oltiariq tumani,Алтыарыкский район,Oltiariq district,7833.0,7819.0,7824.0,8056.0,8315.0,8598.0,9037.0,9336.0,9754.0,10199.0,10862.0
1730206,Qo'shtepa tumani,Куштепинский район,Qo'shtepa  district,7104.0,7141.0,7157.0,7409.0,7604.0,7952.0,8238.0,8540.0,8732.0,9386.0,10022.0
1730209,Bog'dod tumani,Багдадский район,Baghdad district,8079.0,8317.0,8426.0,9000.0,9479.0,10014.0,10635.0,11327.0,12134.0,13095.0,14335.0
1730212,Buvayda tumani,Бувайдинский район,Buvayda district,8558.0,8752.0,8847.0,9370.0,9739.0,10225.0,10596.0,11181.0,11894.0,12703.0,13425.0
1730215,Beshariq tumani,Бешарыкский район,Besharik district,8079.0,8115.0,8259.0,8617.0,9028.0,9533.0,10088.0,10656.0,11052.0,11633.0,12173.0
1730218,Quva tumani,Кувинский район,Quva district,9547.0,9454.0,9568.0,10004.0,10711.0,11228.0,11811.0,12366.0,12873.0,13650.0,14447.0
1730221,Uchko'prik tumani,Учкуприкский район,Uchkuprik district,8329.0,8591.0,8902.0,9356.0,9906.0,10732.0,11287.0,12036.0,12756.0,13576.0,14035.0
1730224,Rishton tumani,Риштанский район,Rishtan district,7418.0,7440.0,7577.0,8004.0,8115.0,8624.0,9060.0,9457.0,10023.0,10598.0,11212.0
1730226,So'x tumani,Сохский район,Sokh district,2664.0,2596.0,2617.0,2568.0,2653.0,2746.0,2842.0,2933.0,3060.0,3236.0,3282.0
1730227,Toshloq tumani,Ташлакский район,Toshloq district,7562.0,7655.0,7831.0,8320.0,8741.0,9167.0,9562.0,9985.0,10334.0,11101.0,11701.0
1730230,O'zbekiston tumani,Узбекистанский район,District of Uzbekistan,8677.0,8859.0,9144.0,9644.0,10160.0,10743.0,11150.0,11719.0,12569.0,13450.0,13343.0
1730233,Farg'ona tumani,Ферганский район,Fergana district,7955.0,7995.0,8156.0,8660.0,8976.0,9225.0,9404.0,9874.0,10391.0,11412.0,11591.0
1730236,Dang'ara tumani,Дангаринский район,Dangara district,6279.0,6279.0,6481.0,6805.0,7434.0,7943.0,8726.0,9319.0,10020.0,11009.0,10988.0
1730238,Furqat tumani,Фуркатский район,Furqat district,4524.0,4545.0,4703.0,4913.0,5099.0,5332.0,5535.0,5796.0,6193.0,6632.0,7225.0
1730242,Yozyovon tumani,Язъяванский район,Yozyovon district,3773.0,3761.0,3871.0,3919.0,4080.0,4287.0,4516.0,4716.0,4916.0,5291.0,5711.0
1733,Xorazm viloyati,Хорезмская область,Khorezm region,56876.0,57818.0,58782.0,62261.0,65032.0,68524.0,71843.0,75534.0,78814.0,83538.0,88767.0
1733401,Urganch shahar,Город Ургенч,Urganch city,5080.0,5194.0,5199.0,5383.0,5784.0,6129.0,6451.0,6916.0,7130.0,7554.0,7936.0
1733406,Xiva shahar,Город Хива,Khiva city,0.0,0.0,0.0,0.0,0.0,3764.0,3870.0,4027.0,4252.0,4444.0,4619.0
1733204,Bog'ot tumani,Багатский район,Bog'ot district,4659.0,4710.0,4750.0,5004.0,5237.0,5539.0,5784.0,6113.0,6589.0,7046.0,7586.0
1733208,Gurlan tumani,Гурленский район,Gurlan district,4890.0,5108.0,5132.0,5295.0,5399.0,5759.0,6002.0,6339.0,6465.0,6774.0,7092.0
1733212,Qo'shko'pir tumani,Кушкупырский район,Qo'shko'pir district,4946.0,4954.0,5040.0,5175.0,5290.0,5522.0,5775.0,6062.0,6165.0,6410.0,6904.0
1733217,Urganch tumani,Ургенчский район,Urganch district,5898.0,5963.0,6017.0,6488.0,6715.0,7147.0,7639.0,8099.0,8479.0,9098.0,9834.0
1733220,Xazorasp tumani,Хазараспский район,Xazorasp district,7479.0,7656.0,7954.0,8536.0,9229.0,9917.0,10609.0,11329.0,9663.0,10115.0,10896.0
1733221,Tuproqqal'a tumani,Тупраккалинский район,Tuproqqal'a district,0.0,0.0,0.0,0.0,0.0,0.0,0.0,0.0,2526.0,2743.0,2912.0
1733223,Xonqa tumani,Ханкинский район,Xonqa district,5195.0,5210.0,5274.0,5449.0,5719.0,5811.0,6028.0,6137.0,6293.0,6724.0,7556.0
1733226,Xiva tumani,Хивинский район,Khiva district,7562.0,7649.0,7836.0,8467.0,8728.0,5411.0,5520.0,5906.0,6106.0,6413.0,6651.0
1733230,Shovot tumani,Шаватский район,Shovot district,5025.0,5091.0,5131.0,5552.0,5654.0,5962.0,6309.0,6557.0,6773.0,7209.0,7352.0
1733233,Yangiariq tumani,Янгиарыкский район,Yangiariq district,3309.0,3417.0,3521.0,3704.0,3831.0,3981.0,4102.0,4214.0,4290.0,4629.0,4842.0
1733236,Yangibozor tumani,Янгибазарский район,Yangibozor district,2833.0,2866.0,2928.0,3208.0,3446.0,3582.0,3754.0,3835.0,4083.0,4379.0,4587.0
1726,Toshkent shahri,город Ташкент,Tashkent city,158550.0,163390.0,170450.0,178312.0,186314.0,195363.0,203653.0,214197.0,222416.0,235363.0,250944.0
1726262,Uchtepa tumani,Учтепинский район,Uchtepa district,16414.0,16401.0,16680.0,16949.0,17225.0,17778.0,18038.0,18681.0,18706.0,18999.0,20198.0
1726264,Bektemir tumani,Бектемирский район,Bektemir district,1700.0,1647.0,1661.0,1686.0,1767.0,1871.0,2010.0,2176.0,2047.0,2945.0,3323.0
1726266,Yunusobod tumani,Юнусабадский район,Yunusobod district,22349.0,23394.0,25177.0,26957.0,28459.0,29846.0,30771.0,32503.0,33546.0,34572.0,36437.0
1726269,Mirzo Ulug‘bek tumani,Мирзо Улугбекский район,Mirzo Ulug‘bek district,17365.0,18261.0,19081.0,20069.0,21381.0,22774.0,24009.0,25258.0,26327.0,28921.0,30963.0
1726273,Mirobod tumani,Мирабадский район,Mirobod district,9251.0,9530.0,9880.0,10309.0,10931.0,11780.0,12355.0,13023.0,13385.0,13661.0,14406.0
1726277,Shayxontohur tumani,Шайхантахурский район,Shayxontohur district,20745.0,21690.0,23097.0,24521.0,25855.0,27121.0,28695.0,30155.0,30938.0,32329.0,34438.0
1726280,Olmazor tumani,Алмазарский район,Olmazor district,22873.0,23464.0,24163.0,24966.0,25805.0,26946.0,27735.0,28573.0,29033.0,29621.0,30839.0
1726283,Sirg'ali tumani,Сергелийский район,Sirg'ali district,9799.0,9779.0,10002.0,10362.0,10516.0,10828.0,11308.0,12482.0,6484.0,8824.0,10137.0
1726287,Yakkasaroy tumani,Яккасарайский район,Yakkasaroy district,8338.0,8828.0,9339.0,9990.0,10519.0,11114.0,11871.0,12592.0,13176.0,13616.0,14339.0
1726290,Yashnobod tumani,Яшнабадский район,Yashnobod district,14855.0,15326.0,16013.0,16886.0,17788.0,18921.0,20022.0,21184.0,22240.0,23431.0,25261.0
1726292,Yangihayot tumani,Янгихаётский район,Yangihayot district,0.0,0.0,0.0,0.0,0.0,0.0,0.0,0.0,8368.0,9756.0,10741.0
1726294,Chilonzor tumani,Чиланзарский район,Chilonzor district,14861.0,15070.0,15357.0,15617.0,16068.0,16384.0,16839.0,17570.0,18166.0,18688.0,19862.0
